experiment_type,parameter,z,published_tuples,suppressed_tuples,publication_ratio,ncp,bandwidth_savings,publication_ratio_relative_to_gw
Baseline,None,1,1854193,0,100.0,0.0,0.0,
Baseline,None,2,1550231,303962,83.60677664083512,0.0,0.0,
Baseline,None,3,1361087,493106,73.4058967971511,0.0,0.0,
Baseline,None,4,1215804,638389,65.57052043665358,0.0,0.0,
Baseline,None,5,1094462,759731,59.0263257384749,0.0,0.0,
Baseline,None,6,988771,865422,53.32621792877009,0.0,0.0,
Baseline,None,7,894460,959733,48.23985421150873,0.0,0.0,
Baseline,None,8,809419,1044774,43.653438450042685,0.0,0.0,
Baseline,None,9,732194,1121999,39.48855378053956,0.0,0.0,
Baseline,None,10,661941,1192252,35.69968174834011,0.0,0.0,
Baseline,None,11,598184,1256009,32.2611508079256,0.0,0.0,
Baseline,None,12,540420,1313773,29.145833254682763,0.0,0.0,
Baseline,None,13,488147,1366046,26.326655315816637,0.0,0.0,
Baseline,None,14,440994,1413199,23.78360828673175,0.0,0.0,
Baseline,None,15,398407,1455786,21.48681394008067,0.0,0.0,
Baseline,None,16,359956,1494237,19.41308159398725,0.0,0.0,
Baseline,None,17,325348,1528845,17.546609225684705,0.0,0.0,
Baseline,None,18,294094,1560099,15.861024176016198,0.0,0.0,
Baseline,None,19,265823,1588370,14.336317740386248,0.0,0.0,
Baseline,None,20,240193,1614000,12.954045236930567,0.0,0.0,
Baseline,None,21,216943,1637250,11.70013046106851,0.0,0.0,
Baseline,None,22,195874,1658319,10.563840980955057,0.0,0.0,
Baseline,None,23,176746,1677447,9.532233160194219,0.0,0.0,
Baseline,None,24,159426,1694767,8.59813406694988,0.0,0.0,
Baseline,None,25,143725,1710468,7.751350587560195,0.0,0.0,
Baseline,None,26,129533,1724660,6.98595022201033,0.0,0.0,
Baseline,None,27,116701,1737492,6.293897129371107,0.0,0.0,
Baseline,None,28,105100,1749093,5.668234105079676,0.0,0.0,
Baseline,None,29,94672,1759521,5.105833103673674,0.0,0.0,
Baseline,None,30,85203,1768990,4.595152716033336,0.0,0.0,
Baseline,None,31,76625,1777568,4.132525578513132,0.0,0.0,
Baseline,None,32,68847,1785346,3.713043895646246,0.0,0.0,
Baseline,None,33,61832,1792361,3.334712190154962,0.0,0.0,
Baseline,None,34,55438,1798755,2.9898721438383165,0.0,0.0,
Baseline,None,35,49602,1804591,2.6751260521423603,0.0,0.0,
Baseline,None,36,44318,1809875,2.390150324157194,0.0,0.0,
Baseline,None,37,39518,1814675,2.131277596237285,0.0,0.0,
Baseline,None,38,35137,1819056,1.8950023001920513,0.0,0.0,
Baseline,None,39,31166,1823027,1.680839049656643,0.0,0.0,
Baseline,None,40,27597,1826596,1.4883563900845274,0.0,0.0,
Baseline,None,41,24394,1829799,1.3156127760163048,0.0,0.0,
Baseline,None,42,21478,1832715,1.1583475938049599,0.0,0.0,
Baseline,None,43,18876,1835317,1.0180170025450426,0.0,0.0,
Baseline,None,44,16541,1837652,0.8920862067756701,0.0,0.0,
Baseline,None,45,14479,1839714,0.7808787974067424,0.0,0.0,
Baseline,None,46,12666,1841527,0.6831004107986601,0.0,0.0,
Baseline,None,47,11051,1843142,0.596000524217274,0.0,0.0,
Baseline,None,48,9665,1844528,0.5212510240304002,0.0,0.0,
Baseline,None,49,8456,1845737,0.4560474556855732,0.0,0.0,
Baseline,None,50,7405,1846788,0.3993651146347765,0.0,0.0,
Generalization,Precision 0,1,1854193,0,100.0,10.8,0.0,
Generalization,Precision 0,2,1852306,1887,99.89823065883648,10.8,0.0,
Generalization,Precision 0,3,1850782,3411,99.8160385677219,10.8,0.0,
Generalization,Precision 0,4,1849384,4809,99.74064188571525,10.8,0.0,
Generalization,Precision 0,5,1848051,6142,99.66875077189916,10.8,0.0,
Generalization,Precision 0,6,1846761,7432,99.59917872627068,10.8,0.0,
Generalization,Precision 0,7,1845516,8677,99.53203361246645,10.8,0.0,
Generalization,Precision 0,8,1844310,9883,99.46699183957656,10.8,0.0,
Generalization,Precision 0,9,1843133,11060,99.40351408941788,10.8,0.0,
Generalization,Precision 0,10,1841984,12209,99.34154643017204,10.8,0.0,
Generalization,Precision 0,11,1840860,13333,99.28092706638414,10.8,0.0,
Generalization,Precision 0,12,1839756,14437,99.22138633896256,10.8,0.0,
Generalization,Precision 0,13,1838668,15525,99.16270852063404,10.8,0.0,
Generalization,Precision 0,14,1837591,16602,99.10462395230701,10.8,0.0,
Generalization,Precision 0,15,1836526,17667,99.04718656579978,10.8,0.0,
Generalization,Precision 0,16,1835469,18724,98.99018063383909,10.8,0.0,
Generalization,Precision 0,17,1834415,19778,98.93333649733334,10.8,0.0,
Generalization,Precision 0,18,1833373,20820,98.8771395426474,10.8,0.0,
Generalization,Precision 0,19,1832344,21849,98.82164370159956,10.8,0.0,
Generalization,Precision 0,20,1831325,22868,98.7666871787349,10.8,0.0,
Generalization,Precision 0,21,1830318,23875,98.71237783769004,10.8,0.0,
Generalization,Precision 0,22,1829316,24877,98.65833815573676,10.8,0.0,
Generalization,Precision 0,23,1828320,25873,98.60462206469337,10.8,0.0,
Generalization,Precision 0,24,1827335,26858,98.55149922365148,10.8,0.0,
Generalization,Precision 0,25,1826355,27838,98.49864604170116,10.8,0.0,
Generalization,Precision 0,26,1825379,28814,98.44600858702411,10.8,0.0,
Generalization,Precision 0,27,1824406,29787,98.39353292780201,10.8,0.0,
Generalization,Precision 0,28,1823438,30755,98.3413269276715,10.8,0.0,
Generalization,Precision 0,29,1822475,31718,98.28939058663256,10.8,0.0,
Generalization,Precision 0,30,1821518,32675,98.23777783650354,10.8,0.0,
Generalization,Precision 0,31,1820568,33625,98.18654260910272,10.8,0.0,
Generalization,Precision 0,32,1819622,34571,98.13552310897518,10.8,0.0,
Generalization,Precision 0,33,1818684,35509,98.08493506339416,10.8,0.0,
Generalization,Precision 0,34,1817748,36445,98.03445488144978,10.8,0.0,
Generalization,Precision 0,35,1816817,37376,97.98424435859697,10.8,0.0,
Generalization,Precision 0,36,1815887,38306,97.93408776756249,10.8,0.0,
Generalization,Precision 0,37,1814961,39232,97.88414690380127,10.8,0.0,
Generalization,Precision 0,38,1814038,40155,97.834367835495,10.8,0.0,
Generalization,Precision 0,39,1813119,41074,97.78480449446201,10.8,0.0,
Generalization,Precision 0,40,1812204,41989,97.73545688070227,10.8,0.0,
Generalization,Precision 0,41,1811296,42897,97.68648678967077,10.8,0.0,
Generalization,Precision 0,42,1810393,43800,97.63778635773083,10.8,0.0,
Generalization,Precision 0,43,1809498,44695,97.58951738033743,10.8,0.0,
Generalization,Precision 0,44,1808607,45586,97.54146413021729,10.8,0.0,
Generalization,Precision 0,45,1807721,46472,97.49368053918874,10.8,0.0,
Generalization,Precision 0,46,1806839,47354,97.44611267543345,10.8,0.0,
Generalization,Precision 0,47,1805961,48232,97.39876053895145,10.8,0.0,
Generalization,Precision 0,48,1805085,49108,97.35151626610606,10.8,0.0,
Generalization,Precision 0,49,1804219,49974,97.30481131144386,10.8,0.0,
Generalization,Precision 0,50,1803357,50836,97.2583220840549,10.8,0.0,
Generalization,Precision 1,1,1854193,0,100.0,1.08,0.0,
Generalization,Precision 1,2,1843277,10916,99.41128027125548,1.08,0.0,
Generalization,Precision 1,3,1834494,19699,98.93759711098036,1.08,0.0,
Generalization,Precision 1,4,1826652,27541,98.51466379174121,1.08,0.0,
Generalization,Precision 1,5,1819445,34748,98.12597717713312,1.08,0.0,
Generalization,Precision 1,6,1812694,41499,97.76188347167744,1.08,0.0,
Generalization,Precision 1,7,1806264,47929,97.41510187990139,1.08,0.0,
Generalization,Precision 1,8,1800169,54024,97.08638744726143,1.08,0.0,
Generalization,Precision 1,9,1794321,59872,96.77099417374568,1.08,0.0,
Generalization,Precision 1,10,1788675,65518,96.46649512752987,1.08,0.0,
Generalization,Precision 1,11,1783220,70973,96.17229705861257,1.08,0.0,
Generalization,Precision 1,12,1777930,76263,95.8869977397175,1.08,0.0,
Generalization,Precision 1,13,1772786,81407,95.60957246629665,1.08,0.0,
Generalization,Precision 1,14,1767761,86432,95.3385650792555,1.08,0.0,
Generalization,Precision 1,15,1762853,91340,95.07386771495739,1.08,0.0,
Generalization,Precision 1,16,1758045,96148,94.81456353249096,1.08,0.0,
Generalization,Precision 1,17,1753338,100855,94.56070646367449,1.08,0.0,
Generalization,Precision 1,18,1748730,105463,94.31218864487137,1.08,0.0,
Generalization,Precision 1,19,1744200,109993,94.06787750789697,1.08,0.0,
Generalization,Precision 1,20,1739763,114430,93.828582030026,1.08,0.0,
Generalization,Precision 1,21,1735398,118795,93.59316964307384,1.08,0.0,
Generalization,Precision 1,22,1731120,123073,93.36244932431521,1.08,0.0,
Generalization,Precision 1,23,1726907,127286,93.13523457374717,1.08,0.0,
Generalization,Precision 1,24,1722751,131442,92.91109393682319,1.08,0.0,
Generalization,Precision 1,25,1718644,135549,92.68959595899672,1.08,0.0,
Generalization,Precision 1,26,1714590,139603,92.47095636754102,1.08,0.0,
Generalization,Precision 1,27,1710585,143608,92.25495943518285,1.08,0.0,
Generalization,Precision 1,28,1706627,147566,92.04149729828556,1.08,0.0,
Generalization,Precision 1,29,1702709,151484,91.83019243412093,1.08,0.0,
Generalization,Precision 1,30,1698834,155359,91.62120663814393,1.08,0.0,
Generalization,Precision 1,31,1694998,159195,91.41432418308126,1.08,0.0,
Generalization,Precision 1,32,1691217,162976,91.21040797802603,1.08,0.0,
Generalization,Precision 1,33,1687487,166706,91.00924229570492,1.08,0.0,
Generalization,Precision 1,34,1683795,170398,90.81012602247986,1.08,0.0,
Generalization,Precision 1,35,1680148,174045,90.61343668107905,1.08,0.0,
Generalization,Precision 1,36,1676530,177663,90.41831136240941,1.08,0.0,
Generalization,Precision 1,37,1672950,181243,90.22523545283582,1.08,0.0,
Generalization,Precision 1,38,1669402,184791,90.03388536144836,1.08,0.0,
Generalization,Precision 1,39,1665886,188307,89.84426108824701,1.08,0.0,
Generalization,Precision 1,40,1662397,191796,89.65609297414024,1.08,0.0,
Generalization,Precision 1,41,1658949,195244,89.47013606458442,1.08,0.0,
Generalization,Precision 1,42,1655532,198661,89.28585104139644,1.08,0.0,
Generalization,Precision 1,43,1652141,202052,89.10296824548469,1.08,0.0,
Generalization,Precision 1,44,1648779,205414,88.92164947230413,1.08,0.0,
Generalization,Precision 1,45,1645454,208739,88.74232617640126,1.08,0.0,
Generalization,Precision 1,46,1642156,212037,88.56445903959298,1.08,0.0,
Generalization,Precision 1,47,1638877,215316,88.38761660733267,1.08,0.0,
Generalization,Precision 1,48,1635632,218561,88.21260785689515,1.08,0.0,
Generalization,Precision 1,49,1632414,221779,88.03905526555218,1.08,0.0,
Generalization,Precision 1,50,1629217,224976,87.86663524239387,1.08,0.0,
Generalization,Precision 2,1,1854193,0,100.0,0.11,0.0,
Generalization,Precision 2,2,1790665,63528,96.57381944598,0.11,0.0,
Generalization,Precision 2,3,1744450,109743,94.08136046247613,0.11,0.0,
Generalization,Precision 2,4,1705409,148784,91.97580834357588,0.11,0.0,
Generalization,Precision 2,5,1670784,183409,90.10841913436197,0.11,0.0,
Generalization,Precision 2,6,1639353,214840,88.4132881528514,0.11,0.0,
Generalization,Precision 2,7,1610276,243917,86.84511267165823,0.11,0.0,
Generalization,Precision 2,8,1583167,271026,85.38307500891223,0.11,0.0,
Generalization,Precision 2,9,1557634,296559,84.00603389183327,0.11,0.0,
Generalization,Precision 2,10,1533453,320740,82.70190859311842,0.11,0.0,
Generalization,Precision 2,11,1510469,343724,81.46233968092858,0.11,0.0,
Generalization,Precision 2,12,1488573,365620,80.28144858706726,0.11,0.0,
Generalization,Precision 2,13,1467639,386554,79.15243990242655,0.11,0.0,
Generalization,Precision 2,14,1447588,406605,78.07105301335945,0.11,0.0,
Generalization,Precision 2,15,1428322,425871,77.03200260167091,0.11,0.0,
Generalization,Precision 2,16,1409799,444394,76.03302353099166,0.11,0.0,
Generalization,Precision 2,17,1391895,462298,75.06742825585039,0.11,0.0,
Generalization,Precision 2,18,1374546,479647,74.13176513987487,0.11,0.0,
Generalization,Precision 2,19,1357717,496476,73.224146569424,0.11,0.0,
Generalization,Precision 2,20,1341345,512848,72.34117483994385,0.11,0.0,
Generalization,Precision 2,21,1325405,528788,71.48150165597647,0.11,0.0,
Generalization,Precision 2,22,1309841,544352,70.64210683569617,0.11,0.0,
Generalization,Precision 2,23,1294640,559553,69.8222892654648,0.11,0.0,
Generalization,Precision 2,24,1279800,574393,69.02194108164576,0.11,0.0,
Generalization,Precision 2,25,1265264,588929,68.23798817059496,0.11,0.0,
Generalization,Precision 2,26,1250976,603217,67.46741035048672,0.11,0.0,
Generalization,Precision 2,27,1237000,617193,66.71365925769324,0.11,0.0,
Generalization,Precision 2,28,1223283,630910,65.97387650584379,0.11,0.0,
Generalization,Precision 2,29,1209784,644409,65.24585089038736,0.11,0.0,
Generalization,Precision 2,30,1196531,657662,64.53109250223682,0.11,0.0,
Generalization,Precision 2,31,1183499,670694,63.82825304593427,0.11,0.0,
Generalization,Precision 2,32,1170681,683512,63.136954998751484,0.11,0.0,
Generalization,Precision 2,33,1158053,696140,62.45590399704886,0.11,0.0,
Generalization,Precision 2,34,1145576,708617,61.78299669991204,0.11,0.0,
Generalization,Precision 2,35,1133282,720911,61.11995892552717,0.11,0.0,
Generalization,Precision 2,36,1121154,733039,60.465873832982865,0.11,0.0,
Generalization,Precision 2,37,1109202,744991,59.82128074046229,0.11,0.0,
Generalization,Precision 2,38,1097401,756792,59.18483135250753,0.11,0.0,
Generalization,Precision 2,39,1085759,768434,58.55695712366512,0.11,0.0,
Generalization,Precision 2,40,1074254,779939,57.93647155393209,0.11,0.0,
Generalization,Precision 2,41,1062877,791316,57.32288925694359,0.11,0.0,
Generalization,Precision 2,42,1051636,802557,56.71664168724615,0.11,0.0,
Generalization,Precision 2,43,1040525,813668,56.117405253929874,0.11,0.0,
Generalization,Precision 2,44,1029536,824657,55.52474850244824,0.11,0.0,
Generalization,Precision 2,45,1018679,835514,54.939210750984394,0.11,0.0,
Generalization,Precision 2,46,1007930,846263,54.35949763589875,0.11,0.0,
Generalization,Precision 2,47,997288,856905,53.78555522537298,0.11,0.0,
Generalization,Precision 2,48,986765,867428,53.218030701226894,0.11,0.0,
Generalization,Precision 2,49,976368,877825,52.65730158618871,0.11,0.0,
Generalization,Precision 2,50,966085,888108,52.10272069843862,0.11,0.0,
Temporal Aggregation,Window 1h,1,927167,0,100.0,0.0,50.0,
Temporal Aggregation,Window 1h,2,780609,146558,84.19292317349517,0.0,50.0,
Temporal Aggregation,Window 1h,3,687482,239685,74.1486700885601,0.0,50.0,
Temporal Aggregation,Window 1h,4,615364,311803,66.37035183521415,0.0,50.0,
Temporal Aggregation,Window 1h,5,555461,371706,59.90948771904091,0.0,50.0,
Temporal Aggregation,Window 1h,6,503897,423270,54.34803007440946,0.0,50.0,
Temporal Aggregation,Window 1h,7,458680,468487,49.47113087502036,0.0,50.0,
Temporal Aggregation,Window 1h,8,418554,508613,45.143323694652636,0.0,50.0,
Temporal Aggregation,Window 1h,9,382509,544658,41.255674544068114,0.0,50.0,
Temporal Aggregation,Window 1h,10,350174,576993,37.768169056922865,0.0,50.0,
Temporal Aggregation,Window 1h,11,321030,606137,34.62483026250934,0.0,50.0,
Temporal Aggregation,Window 1h,12,294570,632597,31.770975455338686,0.0,50.0,
Temporal Aggregation,Window 1h,13,270500,656667,29.17489513755343,0.0,50.0,
Temporal Aggregation,Window 1h,14,248580,678587,26.81070400478015,0.0,50.0,
Temporal Aggregation,Window 1h,15,228566,698601,24.65208533090587,0.0,50.0,
Temporal Aggregation,Window 1h,16,210312,716855,22.683292222436734,0.0,50.0,
Temporal Aggregation,Window 1h,17,193610,733557,20.881890748915783,0.0,50.0,
Temporal Aggregation,Window 1h,18,178368,748799,19.237958210333197,0.0,50.0,
Temporal Aggregation,Window 1h,19,164477,762690,17.739738364286044,0.0,50.0,
Temporal Aggregation,Window 1h,20,151793,775374,16.37170002815027,0.0,50.0,
Temporal Aggregation,Window 1h,21,140161,787006,15.117125609518025,0.0,50.0,
Temporal Aggregation,Window 1h,22,129463,797704,13.963288167072383,0.0,50.0,
Temporal Aggregation,Window 1h,23,119619,807548,12.901559266022195,0.0,50.0,
Temporal Aggregation,Window 1h,24,110561,816606,11.92460473679499,0.0,50.0,
Temporal Aggregation,Window 1h,25,102237,824930,11.026816096776525,0.0,50.0,
Temporal Aggregation,Window 1h,26,94551,832616,10.197839224217429,0.0,50.0,
Temporal Aggregation,Window 1h,27,87488,839679,9.43605628759436,0.0,50.0,
Temporal Aggregation,Window 1h,28,80978,846189,8.733917406465071,0.0,50.0,
Temporal Aggregation,Window 1h,29,74969,852198,8.085814098215316,0.0,50.0,
Temporal Aggregation,Window 1h,30,69424,857743,7.487755711754193,0.0,50.0,
Temporal Aggregation,Window 1h,31,64319,862848,6.937153716644359,0.0,50.0,
Temporal Aggregation,Window 1h,32,59616,867551,6.429909606360019,0.0,50.0,
Temporal Aggregation,Window 1h,33,55261,871906,5.960199187417153,0.0,50.0,
Temporal Aggregation,Window 1h,34,51239,875928,5.526404628292422,0.0,50.0,
Temporal Aggregation,Window 1h,35,47541,879626,5.127555230071821,0.0,50.0,
Temporal Aggregation,Window 1h,36,44125,883042,4.75912106449,0.0,50.0,
Temporal Aggregation,Window 1h,37,40998,886169,4.421857119591185,0.0,50.0,
Temporal Aggregation,Window 1h,38,38078,889089,4.106919249714452,0.0,50.0,
Temporal Aggregation,Window 1h,39,35388,891779,3.8167881298622577,0.0,50.0,
Temporal Aggregation,Window 1h,40,32875,894292,3.545747421985468,0.0,50.0,
Temporal Aggregation,Window 1h,41,30521,896646,3.2918557282560745,0.0,50.0,
Temporal Aggregation,Window 1h,42,28336,898831,3.056191603022972,0.0,50.0,
Temporal Aggregation,Window 1h,43,26315,900852,2.8382157691117134,0.0,50.0,
Temporal Aggregation,Window 1h,44,24428,902739,2.6346925634756198,0.0,50.0,
Temporal Aggregation,Window 1h,45,22672,904495,2.4452984198100234,0.0,50.0,
Temporal Aggregation,Window 1h,46,21047,906120,2.2700333381149242,0.0,50.0,
Temporal Aggregation,Window 1h,47,19535,907632,2.1069559205623154,0.0,50.0,
Temporal Aggregation,Window 1h,48,18108,909059,1.9530462149752958,0.0,50.0,
Temporal Aggregation,Window 1h,49,16781,910386,1.8099220528772058,0.0,50.0,
Temporal Aggregation,Window 1h,50,15536,911631,1.6756420364400373,0.0,50.0,
Temporal Aggregation,Window 2h,1,463612,0,100.0,0.0,75.0,
Temporal Aggregation,Window 2h,2,390543,73069,84.23919139280261,0.0,75.0,
Temporal Aggregation,Window 2h,3,342434,121178,73.86219511142939,0.0,75.0,
Temporal Aggregation,Window 2h,4,304398,159214,65.65792084760533,0.0,75.0,
Temporal Aggregation,Window 2h,5,272474,191138,58.77199037125872,0.0,75.0,
Temporal Aggregation,Window 2h,6,244766,218846,52.79544101533179,0.0,75.0,
Temporal Aggregation,Window 2h,7,220317,243295,47.521850167812744,0.0,75.0,
Temporal Aggregation,Window 2h,8,198482,265130,42.81209287076262,0.0,75.0,
Temporal Aggregation,Window 2h,9,178908,284704,38.59002786813111,0.0,75.0,
Temporal Aggregation,Window 2h,10,161349,302263,34.80259354805311,0.0,75.0,
Temporal Aggregation,Window 2h,11,145575,318037,31.40017946041086,0.0,75.0,
Temporal Aggregation,Window 2h,12,131380,332232,28.338351897707565,0.0,75.0,
Temporal Aggregation,Window 2h,13,118578,345034,25.576991104630597,0.0,75.0,
Temporal Aggregation,Window 2h,14,107096,356516,23.10035115570779,0.0,75.0,
Temporal Aggregation,Window 2h,15,96738,366874,20.86615531953444,0.0,75.0,
Temporal Aggregation,Window 2h,16,87418,376194,18.855853601718678,0.0,75.0,
Temporal Aggregation,Window 2h,17,79020,384592,17.04442507959242,0.0,75.0,
Temporal Aggregation,Window 2h,18,71482,392130,15.418496501384778,0.0,75.0,
Temporal Aggregation,Window 2h,19,64655,398957,13.945928923323814,0.0,75.0,
Temporal Aggregation,Window 2h,20,58544,405068,12.627800833455563,0.0,75.0,
Temporal Aggregation,Window 2h,21,53029,410583,11.4382285186751,0.0,75.0,
Temporal Aggregation,Window 2h,22,48075,415537,10.369662562660155,0.0,75.0,
Temporal Aggregation,Window 2h,23,43587,420025,9.401611692536,0.0,75.0,
Temporal Aggregation,Window 2h,24,39512,424100,8.522643935014624,0.0,75.0,
Temporal Aggregation,Window 2h,25,35816,427796,7.725425571382967,0.0,75.0,
Temporal Aggregation,Window 2h,26,32485,431127,7.0069368351121195,0.0,75.0,
Temporal Aggregation,Window 2h,27,29472,434140,6.357039938569321,0.0,75.0,
Temporal Aggregation,Window 2h,28,26760,436852,5.77206802239804,0.0,75.0,
Temporal Aggregation,Window 2h,29,24297,439315,5.240804810919475,0.0,75.0,
Temporal Aggregation,Window 2h,30,22081,441531,4.7628189089152135,0.0,75.0,
Temporal Aggregation,Window 2h,31,20057,443555,4.32624694787883,0.0,75.0,
Temporal Aggregation,Window 2h,32,18220,445392,3.9300104397642857,0.0,75.0,
Temporal Aggregation,Window 2h,33,16559,447053,3.571736710870297,0.0,75.0,
Temporal Aggregation,Window 2h,34,15027,448585,3.241287973564101,0.0,75.0,
Temporal Aggregation,Window 2h,35,13636,449976,2.941252599156191,0.0,75.0,
Temporal Aggregation,Window 2h,36,12391,451221,2.6727090756926053,0.0,75.0,
Temporal Aggregation,Window 2h,37,11266,452346,2.430049265333943,0.0,75.0,
Temporal Aggregation,Window 2h,38,10242,453370,2.209174913505259,0.0,75.0,
Temporal Aggregation,Window 2h,39,9319,454293,2.010086020206552,0.0,75.0,
Temporal Aggregation,Window 2h,40,8485,455127,1.8301942141273306,0.0,75.0,
Temporal Aggregation,Window 2h,41,7726,455886,1.6664797287386865,0.0,75.0,
Temporal Aggregation,Window 2h,42,7025,456587,1.5152757046840892,0.0,75.0,
Temporal Aggregation,Window 2h,43,6374,457238,1.3748565610898769,0.0,75.0,
Temporal Aggregation,Window 2h,44,5776,457836,1.2458693907836726,0.0,75.0,
Temporal Aggregation,Window 2h,45,5232,458380,1.128529891374684,0.0,75.0,
Temporal Aggregation,Window 2h,46,4737,458875,1.0217595748168729,0.0,75.0,
Temporal Aggregation,Window 2h,47,4282,459330,0.9236171626273694,0.0,75.0,
Temporal Aggregation,Window 2h,48,3864,459748,0.833455561978551,0.0,75.0,
Temporal Aggregation,Window 2h,49,3477,460135,0.7499805872151712,0.0,75.0,
Temporal Aggregation,Window 2h,50,3122,460490,0.673407935946438,0.0,75.0,
Temporal Aggregation,Window 4h,1,231833,0,100.0,0.0,87.5,
Temporal Aggregation,Window 4h,2,196150,35683,84.60831719384213,0.0,87.5,
Temporal Aggregation,Window 4h,3,171957,59876,74.17278817079536,0.0,87.5,
Temporal Aggregation,Window 4h,4,152476,79357,65.7697566782986,0.0,87.5,
Temporal Aggregation,Window 4h,5,135920,95913,58.62840924286016,0.0,87.5,
Temporal Aggregation,Window 4h,6,121395,110438,52.3631234552458,0.0,87.5,
Temporal Aggregation,Window 4h,7,108468,123365,46.78712694051321,0.0,87.5,
Temporal Aggregation,Window 4h,8,96904,134929,41.79905362912096,0.0,87.5,
Temporal Aggregation,Window 4h,9,86472,145361,37.299262831434696,0.0,87.5,
Temporal Aggregation,Window 4h,10,77126,154707,33.267912678522904,0.0,87.5,
Temporal Aggregation,Window 4h,11,68724,163109,29.643752183683947,0.0,87.5,
Temporal Aggregation,Window 4h,12,61228,170605,26.410390237800485,0.0,87.5,
Temporal Aggregation,Window 4h,13,54532,177301,23.522104273334683,0.0,87.5,
Temporal Aggregation,Window 4h,14,48589,183244,20.958621076378257,0.0,87.5,
Temporal Aggregation,Window 4h,15,43302,188531,18.678100184184306,0.0,87.5,
Temporal Aggregation,Window 4h,16,38617,193216,16.657248968007142,0.0,87.5,
Temporal Aggregation,Window 4h,17,34456,197377,14.862422519658548,0.0,87.5,
Temporal Aggregation,Window 4h,18,30738,201095,13.258681896019981,0.0,87.5,
Temporal Aggregation,Window 4h,19,27434,204399,11.83351809276505,0.0,87.5,
Temporal Aggregation,Window 4h,20,24496,207337,10.5662265510087,0.0,87.5,
Temporal Aggregation,Window 4h,21,21891,209942,9.44257288651745,0.0,87.5,
Temporal Aggregation,Window 4h,22,19567,212266,8.440127160499152,0.0,87.5,
Temporal Aggregation,Window 4h,23,17471,214362,7.536028089184887,0.0,87.5,
Temporal Aggregation,Window 4h,24,15598,216235,6.7281189476907945,0.0,87.5,
Temporal Aggregation,Window 4h,25,13936,217897,6.0112235962956095,0.0,87.5,
Temporal Aggregation,Window 4h,26,12438,219395,5.365068821091044,0.0,87.5,
Temporal Aggregation,Window 4h,27,11084,220749,4.7810277225416575,0.0,87.5,
Temporal Aggregation,Window 4h,28,9863,221970,4.254355505902956,0.0,87.5,
Temporal Aggregation,Window 4h,29,8763,223070,3.779876031453676,0.0,87.5,
Temporal Aggregation,Window 4h,30,7780,224053,3.355863919286728,0.0,87.5,
Temporal Aggregation,Window 4h,31,6895,224938,2.9741236148434433,0.0,87.5,
Temporal Aggregation,Window 4h,32,6083,225750,2.62387149370452,0.0,87.5,
Temporal Aggregation,Window 4h,33,5347,226486,2.306401590800274,0.0,87.5,
Temporal Aggregation,Window 4h,34,4690,227143,2.0230079410610227,0.0,87.5,
Temporal Aggregation,Window 4h,35,4109,227724,1.7723965095564482,0.0,87.5,
Temporal Aggregation,Window 4h,36,3586,228247,1.5468030867046538,0.0,87.5,
Temporal Aggregation,Window 4h,37,3129,228704,1.3496784323198163,0.0,87.5,
Temporal Aggregation,Window 4h,38,2712,229121,1.169807577005862,0.0,87.5,
Temporal Aggregation,Window 4h,39,2331,229502,1.005465140855702,0.0,87.5,
Temporal Aggregation,Window 4h,40,1987,229846,0.857082468846109,0.0,87.5,
Temporal Aggregation,Window 4h,41,1680,230153,0.7246595609770826,0.0,87.5,
Temporal Aggregation,Window 4h,42,1415,230418,0.6103531421324834,0.0,87.5,
Temporal Aggregation,Window 4h,43,1181,230652,0.5094184175678182,0.0,87.5,
Temporal Aggregation,Window 4h,44,979,230854,0.42228673225985947,0.0,87.5,
Temporal Aggregation,Window 4h,45,807,231026,0.3480953962550629,0.0,87.5,
Temporal Aggregation,Window 4h,46,657,231176,0.28339364973925196,0.0,87.5,
Temporal Aggregation,Window 4h,47,534,231299,0.23033821759628698,0.0,87.5,
Temporal Aggregation,Window 4h,48,431,231402,0.18590968498876345,0.0,87.5,
Temporal Aggregation,Window 4h,49,342,231491,0.14751998205604896,0.0,87.5,
Temporal Aggregation,Window 4h,50,266,231567,0.11473776382137144,0.0,87.5,
Local Prefiltering,Local z=2,1,1039933,814260,56.085477617486426,0.11,43.914522382513574,100.0
Local Prefiltering,Local z=2,2,1015097,839096,54.74602697777415,0.11,43.914522382513574,97.61176921974781
Local Prefiltering,Local z=2,3,995688,858505,53.69926431606634,0.11,43.914522382513574,95.74539898243445
Local Prefiltering,Local z=2,4,978822,875371,52.78965026833776,0.11,43.914522382513574,94.12356372958642
Local Prefiltering,Local z=2,5,963386,890807,51.957158720801985,0.11,43.914522382513574,92.63923733548219
Local Prefiltering,Local z=2,6,948939,905254,51.17800574158138,0.11,43.914522382513574,91.25001322200565
Local Prefiltering,Local z=2,7,935229,918964,50.43860051246014,0.11,43.914522382513574,89.93165905880474
Local Prefiltering,Local z=2,8,922132,932061,49.732255487967,0.11,43.914522382513574,88.67225100078564
Local Prefiltering,Local z=2,9,909476,944717,49.04969439535151,0.11,43.914522382513574,87.45524952088259
Local Prefiltering,Local z=2,10,897227,956966,48.38908355279089,0.11,43.914522382513574,86.27738517769895
Local Prefiltering,Local z=2,11,885339,968854,47.74794209664258,0.11,43.914522382513574,85.13423460934503
Local Prefiltering,Local z=2,12,873756,980437,47.12324984508085,0.11,43.914522382513574,84.02041285352038
Local Prefiltering,Local z=2,13,862446,991747,46.513280979919564,0.11,43.914522382513574,82.93284278891045
Local Prefiltering,Local z=2,14,851388,1002805,45.916902932974075,0.11,43.914522382513574,81.86950505465256
Local Prefiltering,Local z=2,15,840537,1013656,45.33168877242013,0.11,43.914522382513574,80.82607244889815
Local Prefiltering,Local z=2,16,829917,1024276,44.758932861897335,0.11,43.914522382513574,79.80485281263311
Local Prefiltering,Local z=2,17,819509,1034684,44.19761049685766,0.11,43.914522382513574,78.80401910507696
Local Prefiltering,Local z=2,18,809297,1044896,43.646858768208055,0.11,43.914522382513574,77.8220327655724
Local Prefiltering,Local z=2,19,799282,1054911,43.10673160776683,0.11,43.914522382513574,76.8589899541605
Local Prefiltering,Local z=2,20,789411,1064782,42.5743706291632,0.11,43.914522382513574,75.90979418866408
Local Prefiltering,Local z=2,21,779703,1074490,42.05080053694518,0.11,43.914522382513574,74.97627250986362
Local Prefiltering,Local z=2,22,770152,1084041,41.535697740202885,0.11,43.914522382513574,74.05784795751265
Local Prefiltering,Local z=2,23,760761,1093432,41.02922403439124,0.11,43.914522382513574,73.15480901173441
Local Prefiltering,Local z=2,24,751529,1102664,40.53132548769195,0.11,43.914522382513574,72.26705951248782
Local Prefiltering,Local z=2,25,742426,1111767,40.04038414555551,0.11,43.914522382513574,71.39171465854051
Local Prefiltering,Local z=2,26,733459,1120734,39.55677753071012,0.11,43.914522382513574,70.52944757018
Local Prefiltering,Local z=2,27,724610,1129583,39.07953487042611,0.11,43.914522382513574,69.67852736666688
Local Prefiltering,Local z=2,28,715892,1138301,38.60935727834158,0.11,43.914522382513574,68.84020412853519
Local Prefiltering,Local z=2,29,707299,1146894,38.14592116354662,0.11,43.914522382513574,68.01390089553846
Local Prefiltering,Local z=2,30,698817,1155376,37.688471480584816,0.11,43.914522382513574,67.19827142710156
Local Prefiltering,Local z=2,31,690435,1163758,37.23641497945467,0.11,43.914522382513574,66.3922579627726
Local Prefiltering,Local z=2,32,682165,1172028,36.790398841976,0.11,43.914522382513574,65.59701442304457
Local Prefiltering,Local z=2,33,674002,1180191,36.3501534090572,0.11,43.914522382513574,64.81206000771203
Local Prefiltering,Local z=2,34,665954,1188239,35.91611013524482,0.11,43.914522382513574,64.03816399710365
Local Prefiltering,Local z=2,35,658011,1196182,35.487729702355686,0.11,43.914522382513574,63.27436479080863
Local Prefiltering,Local z=2,36,650169,1204024,35.06479638311654,0.11,43.914522382513574,62.52027774866266
Local Prefiltering,Local z=2,37,642432,1211761,34.64752590480064,0.11,43.914522382513574,61.77628751083002
Local Prefiltering,Local z=2,38,634809,1219384,34.236403653772825,0.11,43.914522382513574,61.04325951768047
Local Prefiltering,Local z=2,39,627296,1226897,33.831213902759856,0.11,43.914522382513574,60.32080912904966
Local Prefiltering,Local z=2,40,619881,1234312,33.43130946994191,0.11,43.914522382513574,59.60778242444466
Local Prefiltering,Local z=2,41,612562,1241631,33.03658249168237,0.11,43.914522382513574,58.903987083783285
Local Prefiltering,Local z=2,42,605327,1248866,32.64638578616142,0.11,43.914522382513574,58.20826918657259
Local Prefiltering,Local z=2,43,598178,1256015,32.2608272170157,0.11,43.914522382513574,57.52082105289475
Local Prefiltering,Local z=2,44,591133,1263060,31.880877556974923,0.11,43.914522382513574,56.84337356348919
Local Prefiltering,Local z=2,45,584174,1270019,31.505566033309368,0.11,43.914522382513574,56.17419583761646
Local Prefiltering,Local z=2,46,577289,1276904,31.13424546419925,0.11,43.914522382513574,55.51213395478363
Local Prefiltering,Local z=2,47,570505,1283688,30.768372008739114,0.11,43.914522382513574,54.85978423609983
Local Prefiltering,Local z=2,48,563798,1290395,30.406651303289355,0.11,43.914522382513574,54.21483884057915
Local Prefiltering,Local z=2,49,557185,1297008,30.050000188761366,0.11,43.914522382513574,53.57893248891996
Local Prefiltering,Local z=2,50,550648,1303545,29.697447892425437,0.11,43.914522382513574,52.95033430038282
Local Prefiltering,Local z=5,1,245181,1609012,13.223057146694007,0.11,86.776942853306,100.0
Local Prefiltering,Local z=5,2,237034,1617159,12.783674622868277,0.11,86.776942853306,96.67714871870169
Local Prefiltering,Local z=5,3,230059,1624134,12.407500190109658,0.11,86.776942853306,93.83231163915637
Local Prefiltering,Local z=5,4,223823,1630370,12.071181371087045,0.11,86.776942853306,91.28888453836146
Local Prefiltering,Local z=5,5,218123,1636070,11.763770006682153,0.11,86.776942853306,88.96407144109861
Local Prefiltering,Local z=5,6,212870,1641323,11.480466165064803,0.11,86.776942853306,86.8215726340948
Local Prefiltering,Local z=5,7,207981,1646212,11.21679350531471,0.11,86.776942853306,84.82753557575832
Local Prefiltering,Local z=5,8,203392,1650801,10.969300391059615,0.11,86.776942853306,82.95585710148828
Local Prefiltering,Local z=5,9,199072,1655121,10.736314935931697,0.11,86.776942853306,81.19389349093119
Local Prefiltering,Local z=5,10,194962,1659231,10.514655162650275,0.11,86.776942853306,79.51758088922062
Local Prefiltering,Local z=5,11,191061,1663132,10.304267139397032,0.11,86.776942853306,77.92651143440969
Local Prefiltering,Local z=5,12,187307,1666886,10.101807093436337,0.11,86.776942853306,76.39539768579131
Local Prefiltering,Local z=5,13,183707,1670486,9.907652547496404,0.11,86.776942853306,74.92709467699373
Local Prefiltering,Local z=5,14,180242,1673951,9.72077879702922,0.11,86.776942853306,73.51385303102606
Local Prefiltering,Local z=5,15,176897,1677296,9.540376864760033,0.11,86.776942853306,72.14955481868498
Local Prefiltering,Local z=5,16,173668,1680525,9.366231023415578,0.11,86.776942853306,70.83256859218292
Local Prefiltering,Local z=5,17,170538,1683655,9.197424432084471,0.11,86.776942853306,69.55596069842281
Local Prefiltering,Local z=5,18,167498,1686695,9.033471704401862,0.11,86.776942853306,68.31606037988261
Local Prefiltering,Local z=5,19,164531,1689662,8.873455999456366,0.11,86.776942853306,67.10593398346528
Local Prefiltering,Local z=5,20,161670,1692523,8.719157067252437,0.11,86.776942853306,65.93904095341809
Local Prefiltering,Local z=5,21,158875,1695318,8.568417635057408,0.11,86.776942853306,64.79906681186553
Local Prefiltering,Local z=5,22,156145,1698048,8.42118377105296,0.11,86.776942853306,63.68560369686068
Local Prefiltering,Local z=5,23,153477,1700716,8.277293679784144,0.11,86.776942853306,62.597428022562916
Local Prefiltering,Local z=5,24,150875,1703318,8.136963088524226,0.11,86.776942853306,61.536171236759785
Local Prefiltering,Local z=5,25,148353,1705840,8.00094704272964,0.11,86.776942853306,60.5075434067077
Local Prefiltering,Local z=5,26,145907,1708286,7.86902981512712,0.11,86.776942853306,59.509913084619114
Local Prefiltering,Local z=5,27,143514,1710679,7.739970973895383,0.11,86.776942853306,58.53389944571561
Local Prefiltering,Local z=5,28,141169,1713024,7.613500859942842,0.11,86.776942853306,57.57746318026275
Local Prefiltering,Local z=5,29,138864,1715329,7.48918801872297,0.11,86.776942853306,56.6373413926854
Local Prefiltering,Local z=5,30,136609,1717584,7.367571768418929,0.11,86.776942853306,55.71761270245248
Local Prefiltering,Local z=5,31,134391,1719802,7.247950995392605,0.11,86.776942853306,54.81297490425441
Local Prefiltering,Local z=5,32,132214,1721979,7.1305414269172624,0.11,86.776942853306,53.92505944587875
Local Prefiltering,Local z=5,33,130082,1724111,7.01555879026617,0.11,86.776942853306,53.05549777511308
Local Prefiltering,Local z=5,34,127991,1726202,6.9027873581660595,0.11,86.776942853306,52.20265844416981
Local Prefiltering,Local z=5,35,125936,1728257,6.791957471525348,0.11,86.776942853306,51.364502143314525
Local Prefiltering,Local z=5,36,123926,1730267,6.683554516708886,0.11,86.776942853306,50.54469963006921
Local Prefiltering,Local z=5,37,121946,1732247,6.576769516441924,0.11,86.776942853306,49.737132975230544
Local Prefiltering,Local z=5,38,120013,1734180,6.4725193116358435,0.11,86.776942853306,48.94873583189562
Local Prefiltering,Local z=5,39,118121,1736072,6.370480311380747,0.11,86.776942853306,48.177061028383115
Local Prefiltering,Local z=5,40,116256,1737937,6.269897470220198,0.11,86.776942853306,47.41639849743659
Local Prefiltering,Local z=5,41,114423,1739770,6.171040447245782,0.11,86.776942853306,46.66878754879048
Local Prefiltering,Local z=5,42,112623,1741570,6.073963174275817,0.11,86.776942853306,45.934636044391695
Local Prefiltering,Local z=5,43,110859,1743334,5.9788274467652505,0.11,86.776942853306,45.21516757008088
Local Prefiltering,Local z=5,44,109129,1745064,5.88552540107745,0.11,86.776942853306,44.509566401964264
Local Prefiltering,Local z=5,45,107427,1746766,5.793733446302515,0.11,86.776942853306,43.815385368360516
Local Prefiltering,Local z=5,46,105760,1748433,5.703829105168664,0.11,86.776942853306,43.13547950289786
Local Prefiltering,Local z=5,47,104127,1750066,5.615758445857578,0.11,86.776942853306,42.4694409436294
Local Prefiltering,Local z=5,48,102523,1751670,5.5292518092776755,0.11,86.776942853306,41.8152303808207
Local Prefiltering,Local z=5,49,100952,1753241,5.444524922702222,0.11,86.776942853306,41.17447926225931
Local Prefiltering,Local z=5,50,99399,1754794,5.360768808856467,0.11,86.776942853306,40.541069658741904
Local Prefiltering,Local z=10,1,17841,1836352,0.9621975705873121,0.11,99.0378024294127,100.0
Local Prefiltering,Local z=10,2,16222,1837971,0.8748819567326596,0.11,99.0378024294127,90.92539655848887
Local Prefiltering,Local z=10,3,14987,1839206,0.8082761611115995,0.11,99.0378024294127,84.00313883750911
Local Prefiltering,Local z=10,4,13980,1840213,0.7539668200667352,0.11,99.0378024294127,78.35883638809483
Local Prefiltering,Local z=10,5,13145,1841048,0.7089337517723343,0.11,99.0378024294127,73.67860545933523
Local Prefiltering,Local z=10,6,12417,1841776,0.6696713880378148,0.11,99.0378024294127,69.59811669749453
Local Prefiltering,Local z=10,7,11766,1842427,0.6345617743136771,0.11,99.0378024294127,65.94921809315622
Local Prefiltering,Local z=10,8,11177,1843016,0.6027959333251717,0.11,99.0378024294127,62.64783364161202
Local Prefiltering,Local z=10,9,10638,1843555,0.5737266832524985,0.11,99.0378024294127,59.62670253909535
Local Prefiltering,Local z=10,10,10133,1844060,0.5464911150025914,0.11,99.0378024294127,56.79614371391738
Local Prefiltering,Local z=10,11,9660,1844533,0.5209813649388171,0.11,99.0378024294127,54.14494703211703
Local Prefiltering,Local z=10,12,9214,1844979,0.4969277739695922,0.11,99.0378024294127,51.64508715879155
Local Prefiltering,Local z=10,13,8788,1845405,0.47395281936670025,0.11,99.0378024294127,49.257328625077065
Local Prefiltering,Local z=10,14,8378,1845815,0.45184077385687466,0.11,99.0378024294127,46.9592511630514
Local Prefiltering,Local z=10,15,7993,1846200,0.4310770238049653,0.11,99.0378024294127,44.80130037553949
Local Prefiltering,Local z=10,16,7620,1846573,0.4109604555728557,0.11,99.0378024294127,42.71061039179418
Local Prefiltering,Local z=10,17,7255,1846938,0.3912753418872793,0.11,99.0378024294127,40.66476094389328
Local Prefiltering,Local z=10,18,6900,1847293,0.37212954638486934,0.11,99.0378024294127,38.67496216579788
Local Prefiltering,Local z=10,19,6556,1847637,0.3535770008839425,0.11,99.0378024294127,36.74681912448854
Local Prefiltering,Local z=10,20,6219,1847974,0.33540197811123224,0.11,99.0378024294127,34.85791155204305
Local Prefiltering,Local z=10,21,5888,1848305,0.3175505462484218,0.11,99.0378024294127,33.00263438148086
Local Prefiltering,Local z=10,22,5569,1848624,0.3003462962054112,0.11,99.0378024294127,31.214618014685275
Local Prefiltering,Local z=10,23,5259,1848934,0.2836274325272504,0.11,99.0378024294127,29.477047250714644
Local Prefiltering,Local z=10,24,4958,1849235,0.26739395521393944,0.11,99.0378024294127,27.789922089568968
Local Prefiltering,Local z=10,25,4666,1849527,0.2516458642654783,0.11,99.0378024294127,26.15324253124825
Local Prefiltering,Local z=10,26,4389,1849804,0.23670675059176688,0.11,99.0378024294127,24.600638977635782
Local Prefiltering,Local z=10,27,4127,1850066,0.2225766141928052,0.11,99.0378024294127,23.132111428731573
Local Prefiltering,Local z=10,28,3880,1850313,0.20925545506859317,0.11,99.0378024294127,21.74765988453562
Local Prefiltering,Local z=10,29,3651,1850542,0.19690506867408086,0.11,99.0378024294127,20.464099545989576
Local Prefiltering,Local z=10,30,3444,1850749,0.18574118228253478,0.11,99.0378024294127,19.30385068101564
Local Prefiltering,Local z=10,31,3247,1850946,0.17511661407415516,0.11,99.0378024294127,18.199652485847206
Local Prefiltering,Local z=10,32,3064,1851129,0.16524709132220863,0.11,99.0378024294127,17.173925228406482
Local Prefiltering,Local z=10,33,2890,1851303,0.15586295493511193,0.11,99.0378024294127,16.198643573790708
Local Prefiltering,Local z=10,34,2725,1851468,0.14696420491286505,0.11,99.0378024294127,15.273807521999888
Local Prefiltering,Local z=10,35,2572,1851621,0.13871263671041795,0.11,99.0378024294127,14.416232273975673
Local Prefiltering,Local z=10,36,2425,1851768,0.13078465941787074,0.11,99.0378024294127,13.592287427834762
Local Prefiltering,Local z=10,37,2285,1851908,0.12323420485354006,0.11,99.0378024294127,12.807578050557705
Local Prefiltering,Local z=10,38,2152,1852041,0.1160612730174259,0.11,99.0378024294127,12.062104142144499
Local Prefiltering,Local z=10,39,2025,1852168,0.10921193209121165,0.11,99.0378024294127,11.350260635614596
Local Prefiltering,Local z=10,40,1902,1852291,0.10257831843826397,0.11,99.0378024294127,10.660837397006894
Local Prefiltering,Local z=10,41,1791,1852402,0.09659188660511607,0.11,99.0378024294127,10.038674962165798
Local Prefiltering,Local z=10,42,1684,1852509,0.09082118204523477,0.11,99.0378024294127,9.438932795246902
Local Prefiltering,Local z=10,43,1582,1852611,0.08532013657693671,0.11,99.0378024294127,8.86721596323076
Local Prefiltering,Local z=10,44,1487,1852706,0.08019661383685517,0.11,99.0378024294127,8.334734600078471
Local Prefiltering,Local z=10,45,1396,1852797,0.07528881837004023,0.11,99.0378024294127,7.824673504848382
Local Prefiltering,Local z=10,46,1315,1852878,0.07092034108639175,0.11,99.0378024294127,7.370663079423799
Local Prefiltering,Local z=10,47,1237,1852956,0.06671365925769324,0.11,99.0378024294127,6.933467854940867
Local Prefiltering,Local z=10,48,1161,1853032,0.06261484106562801,0.11,99.0378024294127,6.507482764419034
Local Prefiltering,Local z=10,49,1090,1853103,0.05878568196514602,0.11,99.0378024294127,6.109523008799956
Local Prefiltering,Local z=10,50,1022,1853171,0.05511831831961398,0.11,99.0378024294127,5.728378454122527
